{
  "n_conditions": 4,
  "n_total_runs": 40,
  "summaries": [
    {
      "condition_id": "range_2",
      "category": "part_a_sensor_range",
      "n_runs": 10,
      "sensor_mode": "manhattan",
      "sensor_range": 2,
      "false_positive_rate": 0.0,
      "false_negative_rate": 0.0,
      "coverage_rate_mean": 0.9506746626686656,
      "coverage_rate_std": 0.0004741045967268883,
      "success_rate": 1.0,
      "total_steps_mean": 529.4,
      "total_steps_std": 61.42782576143956,
      "total_path_length_mean": 1395.8,
      "total_path_length_std": 172.74502726401255,
      "duplicate_visit_count_mean": 764.7,
      "duplicate_visit_count_std": 172.84742790488187,
      "inter_agent_overlap_cells_mean": 256.4,
      "inter_agent_overlap_cells_std": 33.87296529354609,
      "steps_to_80_coverage_mean": 399.5,
      "steps_to_80_coverage_std": 32.5721421531413,
      "steps_to_90_coverage_mean": 477.5,
      "steps_to_90_coverage_std": 56.397892001583024,
      "steps_to_95_coverage_mean": 528.4,
      "steps_to_95_coverage_std": 61.42782576143956,
      "total_energy_used_mean": 1878.344999999978,
      "total_energy_used_std": 218.09189634184423,
      "total_charge_wait_steps_mean": 59.4,
      "total_charge_wait_steps_std": 15.749426797329624
    },
    {
      "condition_id": "range_3",
      "category": "part_a_sensor_range",
      "n_runs": 10,
      "sensor_mode": "manhattan",
      "sensor_range": 3,
      "false_positive_rate": 0.0,
      "false_negative_rate": 0.0,
      "coverage_rate_mean": 0.9509745127436282,
      "coverage_rate_std": 0.001011916878126755,
      "success_rate": 1.0,
      "total_steps_mean": 483.2,
      "total_steps_std": 74.82839627366666,
      "total_path_length_mean": 1282.2,
      "total_path_length_std": 202.71972989546157,
      "duplicate_visit_count_mean": 650.9,
      "duplicate_visit_count_std": 202.8860928370071,
      "inter_agent_overlap_cells_mean": 223.2,
      "inter_agent_overlap_cells_std": 37.111842973488784,
      "steps_to_80_coverage_mean": 364.8,
      "steps_to_80_coverage_std": 40.58680683287229,
      "steps_to_90_coverage_mean": 433.8,
      "steps_to_90_coverage_std": 57.1076955312407,
      "steps_to_95_coverage_mean": 482.2,
      "steps_to_95_coverage_std": 74.82839627366666,
      "total_energy_used_mean": 1731.3750000000048,
      "total_energy_used_std": 257.48659431119,
      "total_charge_wait_steps_mean": 44.7,
      "total_charge_wait_steps_std": 24.99355472472409
    },
    {
      "condition_id": "range_4",
      "category": "part_a_sensor_range",
      "n_runs": 10,
      "sensor_mode": "manhattan",
      "sensor_range": 4,
      "false_positive_rate": 0.0,
      "false_negative_rate": 0.0,
      "coverage_rate_mean": 0.9509745127436282,
      "coverage_rate_std": 0.0007242067339424929,
      "success_rate": 1.0,
      "total_steps_mean": 444.8,
      "total_steps_std": 61.307603298630276,
      "total_path_length_mean": 1190.7,
      "total_path_length_std": 164.45198556282486,
      "duplicate_visit_count_mean": 559.4,
      "duplicate_visit_count_std": 164.55272711201113,
      "inter_agent_overlap_cells_mean": 193.2,
      "inter_agent_overlap_cells_std": 47.70464687358385,
      "steps_to_80_coverage_mean": 329.2,
      "steps_to_80_coverage_std": 38.90387013024682,
      "steps_to_90_coverage_mean": 396.2,
      "steps_to_90_coverage_std": 48.80528204565112,
      "steps_to_95_coverage_mean": 443.8,
      "steps_to_95_coverage_std": 61.307603298630276,
      "total_energy_used_mean": 1612.26000000002,
      "total_energy_used_std": 209.26128643393687,
      "total_charge_wait_steps_mean": 30.1,
      "total_charge_wait_steps_std": 20.582894732169127
    },
    {
      "condition_id": "range_5",
      "category": "part_a_sensor_range",
      "n_runs": 10,
      "sensor_mode": "manhattan",
      "sensor_range": 5,
      "false_positive_rate": 0.0,
      "false_negative_rate": 0.0,
      "coverage_rate_mean": 0.9506746626686656,
      "coverage_rate_std": 0.0004741045967268883,
      "success_rate": 1.0,
      "total_steps_mean": 459.1,
      "total_steps_std": 47.68286438077683,
      "total_path_length_mean": 1198.9,
      "total_path_length_std": 137.74408638244088,
      "duplicate_visit_count_mean": 567.8,
      "duplicate_visit_count_std": 137.809691644351,
      "inter_agent_overlap_cells_mean": 210.0,
      "inter_agent_overlap_cells_std": 41.42463035441596,
      "steps_to_80_coverage_mean": 338.0,
      "steps_to_80_coverage_std": 27.60837232113154,
      "steps_to_90_coverage_mean": 405.5,
      "steps_to_90_coverage_std": 39.14999645239093,
      "steps_to_95_coverage_mean": 458.1,
      "steps_to_95_coverage_std": 47.68286438077683,
      "total_energy_used_mean": 1629.4250000000206,
      "total_energy_used_std": 172.7257833966611,
      "total_charge_wait_steps_mean": 63.0,
      "total_charge_wait_steps_std": 28.483913588784343
    }
  ]
}